{
    "K": [[-351.6771208, 0.0, 128.0],
    [0.0, -351.6771208, 128.0],
    [0.0, 0.0, 1.0]],
    "RT": [
        [1.19209290e-07, -4.22617942e-01, -9.06307936e-01, 1.34999919e00],
        [-1.00000000e00, -5.96046448e-07, 1.49011612e-07, 3.71546562e-08],
        [-5.66244125e-07, 9.06307936e-01, -4.22617912e-01, 1.57999933e00],
        [0.0, 0.0, 0.0, 1.0]
    ]
}
